"uuid","genus","specificepithet","locality","country","stateprovince","county","datecollected","longitude","latitude","flags"
"ab6dd81f-1790-4571-8332-6fdd0bca0a8b","panthera","onca","rancho el aguajito, 13 km al nw del ejido emilio rabasa (reserva el ocote)","mexico","chiapas","ocozocoautla de espinosa","1995-05-24","-93.4638889","16.9030556","[""idigbio_georeference""]"
"8a732f7b-6812-4c09-8407-220a92deeb99","panthera","onca","90 mi from barinas, western venezuela","venezuela","","","1952-03-13","-70.1999969","8.6333303","[""idigbio_georeference""]"
"d658b274-d56e-495a-8797-0c790642e7ae","panthera","onca","region calakmul, 55 km. s ejido conhuas","mexico","campeche","campeche","1987-12-10","-89.395","18.5052778","[""idigbio_georeference""]"
"55377bce-5c45-486b-a5bf-c7aedb44778f","panthera","onca","vicinity of bonampek archaeological site","mexico","chiapas","","1954-06-01","-91.06527","16.70888","[""idigbio_georeference""]"
"10a39eef-62cc-4ab0-9eee-b20ad258b722","panthera","onca","el edén, 25 km al nne de leona vicario","mexico","quintana roo","lazaro cardenas","1991-12-10","-87.1833333","21.2166667","[""idigbio_georeference""]"
"33aef1f9-81e3-422e-875a-e2fddad32fcb","panthera","onca","lacanja-chansayab","mexico","chiapas","ocosingo","1984-11-21","-91.1625","16.8125","[""idigbio_georeference""]"
"6dd6b0f4-441a-4a1f-bb31-704780f03b90","panthera","onca","zoologico de chapultepec","mexico","distrito federal","miguel hidalgo","1987-11-23","-99.1916667","19.4083333","[""idigbio_georeference""]"
"520b7e16-6c5f-4249-9ba5-bc4f54804ee1","panthera","onca","ejido benito juarez, 30 km. ese tonala","mexico","chiapas","tonala","1986-04-21","-93.6972222","16.0455556","[""idigbio_georeference""]"
"84a72194-0b78-4cc7-a50f-9e156ff46f3e","panthera","onca","zona arqueologica calakmul","mexico","campeche","campeche","1987-10-21","-90.5316667","19.8422222","[""idigbio_georeference""]"
"878a40c4-3ca3-4fa9-a3ea-3cb8aca5bc1d","panthera","onca","x-hazil - felipe carrillo puerto","mexico","quintana roo","isla mujeres","1989-06-13","-88.0741667","19.3897222","[""idigbio_georeference""]"
"c9209c49-ef1c-461b-9d4e-c300d045e10d","panthera","onca","rancho los pescados, 32 km s nacori chico","mexico","sonora","nacori chico","2002-07-09","-108.9813888","29.3997222","[""idigbio_georeference""]"
"0fd0aea0-7fa4-4d83-a558-ec88b100c329","panthera","onca","parque zoologico, reserva ecologica el zapotal","mexico","chiapas","tuxtla gutierrez","1984-10-08","-93.1","16.7269444","[""idigbio_georeference""]"
"84de9a61-0901-407b-ab24-c6ddd979a1b7","panthera","onca","campo cedro 'indio pedro' (selva lacandona)","mexico","chiapas","ocosingo","1992-03-16","-91.05","16.55","[""idigbio_georeference""]"
"3303cf39-3e98-4fd0-be44-ecbe4086c92f","panthera","onca","3 km norte de tomás garrido","mexico","quintana roo","lazaro cardenas","1987-08-10","-89.0580556","18.0716667","[""idigbio_georeference""]"
"088969b6-7a18-4537-b493-9bcf63d29fe6","panthera","onca","el refugio suchitlán","mexico","jalisco","cabo corrientes","1954-04-26","-105.5458333","20.4430555","[""idigbio_georeference""]"
"034f195e-d344-49d2-887a-e7cbd4137ffc","panthera","onca","puerto del gallo, 3 km s, bosque de lauráceas","mexico","guerrero","atoyac de alvarez","1980-06-26","-100.1844444","17.4597222","[""idigbio_georeference""]"
"e5e64dbb-94e6-4e05-a8b0-d080c57152ef","panthera","onca","sierra de tamaulipas","mexico","tamaulipas","soto la marina","1994-06-26","-98.4830555","23.6497222","[""idigbio_georeference""]"
"0f68313c-efb2-404c-ae14-8c888f12dcb8","panthera","onca","el refugio","mexico","campeche","calakmul","1999-07-17","-89.3733333","18.8036111","[""idigbio_georeference""]"
"02c654b6-a245-48d2-96e3-51b639c43890","panthera","onca","37 km nw ocozocoautla, selva del ocote","mexico","chiapas","ocozocoautla de espinosa","1986-09-30","-93.61992","16.996013","[""geolocate_georeference""]"
"60807ddd-108f-4f68-8a16-99baf97e2e95","panthera","onca","potreros cercanos a tomatlán","mexico","jalisco","tomatlan","1987-09-28","-105.365093","19.839867","[""geolocate_georeference""]"
"0c9e9dcd-afb5-4b8b-99ca-30ff130aa1b8","panthera","onca","aguas calientes; rancho guirocoba","mexico","sonora","","1950-06-28","-108.69464044233644","26.902984615965437","[""idigbio_georeference""]"
"6fa4b45e-da95-46f0-8c6e-5a4e4477be7a","panthera","onca","el terrero","mexico","colima","","1968-05-26","-103.94972","19.44417","[""idigbio_georeference""]"
"7e1c6b4e-f8dc-47b2-a812-4f3d965adf32","panthera","onca","50km nw villa tunari","bolivia","cochabamba","","1978-06-03","-65.68333","-16.58333","[""idigbio_georeference""]"
"e0784fa1-a685-4380-a0bc-75023c219b57","panthera","onca","8 mi. w la pesca","mexico","tamaulipas","","1958-06-28","-97.89851055141814","23.7873242316116","[""idigbio_georeference""]"
"e1071092-b81c-4c71-b550-2d39e9269fa3","panthera","onca","loma bonita","mexico","chiapas","ocosingo","1986-02-04","-92.07","16.9097222","[""idigbio_georeference""]"
"74b05101-964a-4369-8152-eb9d1d47a79d","panthera","onca","patagonia mts., about 8 mi. s of patagonia on hwy 83, then abt. 3 mi. e near top of mts.","united states","arizona","santa cruz","1965-11-14","-110.75556","31.423326","[""idigbio_georeference""]"
"9286adce-3f0f-4017-9dc1-8c506cc1acfe","panthera","onca","10 mi n santa maría colotepec","mexico","oaxaca","","1924-04-29","-96.9375","16.0433333333","[""idigbio_georeference""]"
"a1515872-2880-43cc-a3bc-bd5dc160f73b","panthera","onca","15 mi. sw la pesca","mexico","tamaulipas","","1960-12-28","-97.93822519368196","23.632047288919928","[""idigbio_georeference""]"
"3e385ce3-c86f-4533-a2fa-e60c6c26dc05","panthera","onca","4 mi. e nogales, 1/2 mi. n mexican boundary","united states","arizona","santa cruz","1971-10-30","-110.865633","31.340262000000003","[""idigbio_georeference""]"
"97f0a604-84d3-4128-ba09-6d3f9f3aa5b3","panthera","onca","reserva de la biósfera calakmul, 52 km sse constitución","mexico","campeche","champoton","1994-06-26","-90.0716666","18.16","[""idigbio_georeference""]"
"c707ac88-c83c-41c5-8f36-422e78d3044d","panthera","onca","10 km ne playa careytos","mexico","jalisco","la huerta","1974-02-28","-95.63934","18.086856","[""geolocate_georeference""]"
"0b7d86e0-25d0-4a4c-b633-85b47be9013e","panthera","onca","mouth of ocamo river","venezuela","amazonas","atures","1929-03-28","-65.233333","2.8","[""geolocate_georeference""]"
"4ceb6df3-a1f2-44fc-bf06-c4137c0d30c6","panthera","onca","15 mi ene of dadanawa","guyana","upper takutu-upper essequibo","","1961-04-02","-59.31607","2.91687","[""idigbio_georeference""]"
"362a2931-8aee-49b2-860b-7589eaa99fa1","panthera","onca","near tamanduá","brazil","mato grosso","caceres","1925-09-11","-57.788807","-16.908315","[""idigbio_georeference""]"
"728a47ec-2947-417a-9733-cd0ab2213eb8","panthera","onca","descalvados","brazil","mato grosso","caceres","1925-09-17","-57.751842","-16.734548","[""idigbio_georeference""]"
"31b2644c-13c4-4aec-8910-e586226ba2ff","panthera","onca","lagoa comprida, 70 mi. e caceres","brazil","mato grosso","","1960-06-27","-56.63048","-16.06667","[""idigbio_georeference""]"
"cec68a02-0a32-4b81-8bc6-6f3edc23458d","panthera","onca","15 mi e of dadanawa","guyana","upper takutu-upper essequibo","","1963-07-30","-59.29954","2.83333","[""idigbio_georeference""]"
"5fb839bb-5f25-49fe-9c3b-20a465770068","panthera","onca","rio nanay, santa luisa","peru","loreto","maynas","1956-10-03","-74.5833359","-3.3333333","[""idigbio_georeference""]"
"50204d26-382a-4e03-827a-bb1daa8f7e10","panthera","onca","carandayti, 30 km se","bolivia","chuquisaca","","1957-09-28","-62.85","-20.96667","[""idigbio_georeference""]"
"0cae0f84-e258-4e24-9ada-dc83bae3b8ee","panthera","onca","vicinity of orange walk","belize","orange walk district","","1967-03-18","-88.56667","18.08333","[""idigbio_georeference""]"
"039f87d2-55ad-46b9-8a70-a5bfa4327c52","panthera","onca","40 mi nne of dadanawa","guyana","upper takutu-upper essequibo","","1963-11-30","-59.29509","3.37118","[""idigbio_georeference""]"
"0cbfa2f8-1738-4f88-859f-bc5fd90b7b21","panthera","onca","buena vista","bolivia","santa cruz","ichilo","1924-06-24","-63.6666679","-17.4500008","[""idigbio_georeference""]"
"2cea2981-fc09-4ec5-80d4-2f8edc2e9619","panthera","onca","montanas de cole","ecuador","esmeraldas","","1963-06-14","-79.3833","0.4667","[""idigbio_georeference""]"
"705e8af9-8dc4-40aa-9ea0-9e480813e85d","panthera","onca","mategua, itenez river","bolivia","beni","itenez","1964-07-25","-62.796785","-13.013595","[""geolocate_georeference""]"
"c7c66f6f-52a0-411c-bb2a-460818e87bfe","panthera","onca","branco river, surumu river","brazil","roraima","flexal","1927-09-18","-61.010271","2.06659","[""geolocate_georeference""]"
"a93653f8-79d5-4913-84df-15d638cf53ae","panthera","onca","agua brava lagoon","mexico","sinaloa","escuinapa","1904-08-16","-105.533333","22.166667","[""geolocate_georeference""]"
"8db29bf0-59c9-4a85-84d4-16fa973933b7","panthera","onca","sarayacu, ucayali river","peru","loreto","ucayali","1927-05-01","-75.114273","-6.790246","[""geolocate_georeference""]"
"73a1ff32-1bcd-44ac-a79f-f9c0b3947e61","panthera","onca","ca. 15 kilometers west of san javier, mamore river","bolivia","beni","cercado","1965-07-04","-64.97332","-14.566625","[""geolocate_georeference""]"
"c27e1b4d-eda3-4f3a-80b4-abcec24a33b3","panthera","onca","25 miles northeast of guaymas, box canyon, moreno station","mexico","sonora","guaymas","1940-03-22","-110.576139","28.17308","[""geolocate_georeference""]"
"0dee6d31-bd93-4ad5-8c9d-70c6f7a5f3a3","panthera","onca","finca catas","colombia","córdoba","ayapel","1952-04-01","-75.165746","8.322026","[""geolocate_georeference""]"
"f1003878-2ed9-47c0-8c27-bceef6c25f78","panthera","onca","new river lagoon","belize","orange walk district","hill bank","1949-09-02","-88.65","17.666667","[""geolocate_georeference""]"
"83fbb99e-d341-4853-8940-09f08db73da1","panthera","onca","iquitos","peru","loreto","maynas","1930-09-05","-73.253828","-3.749125","[""geolocate_georeference""]"
"b28a0b0d-cf18-4ce8-99b8-c40f26c1b0d4","panthera","onca","villarinho de monte, xingu river","brazil","para","porto de moz","1931-09-26","-52.141","-1.779365","[""geolocate_georeference""]"
"96bcc181-57f6-4e11-89c8-c47fe1b9e120","panthera","onca","fazenda alegre, paraguai river","brazil","mato grosso do sul","anastacio","1935-10-01","-56.966667","-17.633333","[""geolocate_georeference""]"
"87100b2b-9999-4eda-9186-e35b30603052","panthera","onca","marismas nacionales","mexico","nayarit","san blas","1959-02-11","-105.916667","22.75","[""geolocate_georeference""]"
"e450cae6-4596-46de-a956-8787013c554c","panthera","onca","uluce","nicaragua","matagalpa","san ramon","1909-07-27","-85.836661","12.919411","[""geolocate_georeference""]"
"7d1b1a5c-e425-465a-b852-5dfc85fc4eea","panthera","onca","moyobamba","peru","san martin","moyobamba","1912-07-27","-76.9666672","-6.0500002","[""idigbio_georeference""]"
"7c58fbf2-81e2-4d1f-a2b0-cd3f0e24ba0d","panthera","onca","puerto mairo","peru","pasco","oxapampa","1922-02-23","-75.25","-9.8833332","[""idigbio_georeference""]"
"dc777a71-6621-442a-a699-ec4e56db0340","panthera","onca","arenanga","ecuador","esmeraldas","","1963-06-12","-79.6126","-0.27558","[""idigbio_georeference""]"
"f321939c-5633-4dfe-b5df-711d8d5c410e","panthera","onca","rio blanco","ecuador","esmeraldas","","1967-10-01","-78.457","0.30768","[""idigbio_georeference""]"
"aaa760bf-b30b-42e0-8942-0d51e273fbd5","panthera","onca","montanas de tachina, near quininde","ecuador","esmeraldas","","1963-04-03","-79.467","0.333","[""idigbio_georeference""]"
"500f0048-2c8c-4fac-9c49-ab6f30a22caf","panthera","onca","regalia","belize","stann creek","","1960-08-20","-88.317","16.8","[""idigbio_georeference""]"
"eeb0914f-b077-4ff8-b823-bf47743241f8","panthera","onca","stan creek","belize","","","1972-01-01","-88.21667","16.96667","[""idigbio_georeference""]"
"54a042a4-fc1d-4ce0-9e90-93b4123ee5b0","panthera","onca","descalvado (=descalvados ranch)","brazil","mato grosso","","1926-08-04","-57.7000008","-16.75","[""idigbio_georeference""]"
"237fc55c-21d1-4d4d-bd3b-eb23d11af6e3","panthera","onca","san juan de arama","colombia","meta","villavicencio","1957-07-28","-73.83333333","3.433333333","[""idigbio_georeference""]"
"6043caab-222a-40fe-9611-7ffa4daade41","panthera","onca","white river (ft. apache indian res.)","united states","arizona","navajo","","-110.000654","33.78756","[""idigbio_georeference""]"
"19fda1d4-9ba9-4187-895c-e1ea8a85b811","panthera","onca","demarara","guyana","east demerara region","","","-58.16666","6.8","[""idigbio_georeference""]"
"8a9361cc-d640-4a52-b2a9-6a6880cdf937","panthera","onca","roaboya","peru","loreto","ucayali","1950-07-28","-74.8666687","-7.8000002","[""idigbio_georeference""]"
"5b41c13e-c832-40de-9bbe-4fd7794eacc5","panthera","onca","25 mi nw tuxpan, nayarit, mexico","mexico","nayarit","","1961-04-10","-105.575687","22.198903","[""geolocate_georeference""]"
"dfd00f19-199f-4252-88fc-c9494135183a","panthera","onca","peten?","guatemala","","","1924-06-28","-90","16.833333","[""geolocate_georeference""]"
"1a0e257c-413a-4cd9-ace7-a85359d37610","panthera","onca","kartabo point","guyana","cuyuni - mazaruni region","","1919-05-16","-59.965275","6.245641","[""geolocate_georeference""]"
"6e7f59d9-dda4-4d9d-b5a3-d592d596228f","panthera","onca","san andres tuxla","mexico","veracruz","","1894-04-24","-95.223446","17.63911","[""geolocate_georeference""]"
"b5d89ff9-62af-4281-a3ad-6b51bc48c210","panthera","onca","san blas","mexico","nayarit","","1897-04-19","-105.1","22.866667","[""geolocate_georeference""]"
"f86130aa-d3bd-4720-ac27-a1d4ee247be7","panthera","onca","la tuxpena","mexico","campeche","champoton municipality","1909-06-29","-90.118585","18.450279","[""geolocate_georeference""]"
"c6f47dd7-97d2-43ce-95ce-561f4e8cd8b9","panthera","onca","rio doce, n of","brazil","espirito santo","","1931-06-30","-39.953245","-19.466909","[""geolocate_georeference""]"
"473c0f2a-e11e-4616-94df-c063ad91964d","panthera","onca","aguaytia river","peru","ucayali","","1923-11-13","-75.524857","-8.964536","[""geolocate_georeference""]"
"0ba0b4ba-2056-4253-ba26-eeb53df08650","panthera","onca","tapaliza river","panama","darién","","1915-01-01","-77.663778","8.166509","[""geolocate_georeference""]"
"6cefc78c-ecd4-4803-bfc7-e5afbf46c31b","panthera","onca","statione laguna el sotz, 5 mi n","guatemala","peten","","1919-06-29","-90.166667","16.933333","[""geolocate_georeference""]"
"2ca79c20-baf6-489d-bde1-def5c425898a","panthera","onca","near chichen itza","mexico","yucatán","","","-88.57466840694009","20.680689111866474","[""idigbio_georeference""]"
"27522a3b-ddae-42ad-8af8-6172bb00663f","panthera","onca","achotal","mexico","veracruz","","1904-01-25","-95.1324997","17.7358341","[""idigbio_georeference""]"
"bd76f7b8-c1a7-4b0d-bbff-aa14aa2e91b4","panthera","onca","ciudad valles, 12 km ne of; cueva de las sabinas","mexico","san luis potosi","","1946-06-27","-98.98301302233901","22.083238632914977","[""idigbio_georeference""]"
"c6542dd2-8cdb-4579-9744-db1711b675dc","panthera","onca","rio napo, near iquitos","peru","loreto","maynas","1923-07-28","-73.25","-3.76667","[""idigbio_georeference""]"
"d52dc5e7-c674-4951-ad25-304a8ded4298","panthera","onca","dzibalchen","mexico","campeche","","1963-06-05","-89.7313889","19.4583333","[""idigbio_georeference""]"
"90550f8a-82c6-4da8-ab43-336be31f6bc8","panthera","onca","unknown","bolivia","","","1972-02-29","-65","-17","[""idigbio_georeference""]"
"56771f44-6695-423d-85e3-8b98cb850677","panthera","onca","orange walk","belize","orange walk","","","-88.566667","18.083333","[""idigbio_georeference""]"
"2dc9defb-f5bf-49ad-904b-c8b3ad8d55c8","panthera","onca","approx. 4 mi w gallon jug","belize","orange walk","","1956-06-27","-89.094","17.55","[""idigbio_georeference""]"
"5bfce193-b164-48c5-a2b9-3696d483648d","panthera","onca","escarcega, 51 km e of","mexico","campeche","","1963-02-14","-90.2191667","18.6066667","[""idigbio_georeference""]"
"e092d137-f7d7-4a89-8287-6bab814a1caa","panthera","onca","rio esmeraldas","ecuador","esmeraldas","","1967-04-24","-79.7","0.983","[""idigbio_georeference""]"
"3b60a8d6-22fa-4929-a675-464336d2de69","panthera","onca","hacienda cosiguina","nicaragua","chinandega","","1956-06-15","-87.50083","12.91083","[""idigbio_georeference""]"
"caed9263-6132-46a5-9776-041687596f54","panthera","onca","delicias de upala, 2 km n of","costa rica","alajuela","upala","1993-06-10","-85.05","10.96808","[""idigbio_georeference""]"
"95edcbf2-79bf-4a46-a4be-73151266a841","panthera","onca","palenque","mexico","chiapas","","1900-05-20","-92.65","15.633333","[""geolocate_georeference""]"
"ecbb210f-fa52-4b53-aa0f-e4d9686077f9","panthera","onca","rio tocantins","brazil","para","","1923-05-11","-48.89176","-1.540276","[""geolocate_georeference""]"
"9af8d9f2-8fbb-4a68-88d7-4be3738453ec","panthera","onca","lake peten, about 25 or 30 mi nw, san diego and laguna perdida","guatemala","peten","","1920-06-30","-90.371017","16.358265","[""geolocate_georeference""]"
"b884d7b3-552e-496b-bc14-0082db719f84","panthera","onca","libertad, near","guatemala","peten","","1917-06-29","-90.169639","16.80013","[""geolocate_georeference""]"
"84471e7b-f792-4f1d-8f00-0d858cf3e8f0","panthera","onca","greaterville, 6 miles nw","united states","arizona","","1919-04-22","-110.822508","31.825531","[""geolocate_georeference""]"
"01dd4115-4caa-4cc4-bd8b-a223cebf3b73","panthera","onca","rupununi, 30 mi e dadanawa","guyana","upper takutu-upper essequibo","","1965-01-29","-59.079515","2.833251","[""geolocate_georeference""]"
"fe572d22-4cd3-4f96-8267-3be27ee69594","panthera","onca","chivela","mexico","oaxaca","","1899-06-29","-95.000551","16.713087","[""geolocate_georeference""]"
"71fcc719-10e4-4352-ab91-1301584fc527","panthera","onca","papayo","mexico","guerrero","","1903-04-20","-101.816667","18","[""geolocate_georeference""]"
"96177cf6-3459-4165-a0ca-54b6d4c93330","panthera","onca","helveta","united states","arizona","","1917-05-11","-110.80148","31.712851","[""geolocate_georeference""]"
"0082c073-5c97-4780-82c8-6d9cb1fa7b62","panthera","onca","maranon river","peru","","","1927-08-16","-76.666667","-8.75","[""geolocate_georeference""]"
"43b0677d-74a8-4967-bb2e-cf60d114e8ac","panthera","onca","chichen itza","mexico","yucatan","","","-88.575966","20.681512","[""geolocate_georeference""]"
"20bc967a-abc9-413f-84c8-de931261459e","panthera","onca","perez","mexico","veracruz","","1903-06-11","-99.85","20.7","[""geolocate_georeference""]"
"121841a6-f9ac-4fe4-868b-f9030ab38fb2","panthera","onca","pucro village","panama","darien","","1964-01-29","-77.35","8.016667","[""geolocate_georeference""]"
"6f2e3af0-e6d0-4c82-86d0-38db9d5dedd3","panthera","onca","southwestern part of prov","brazil","mato grosso","","1936-07-28","-57.23704","-16.842504","[""geolocate_georeference""]"
"25dc46b3-bc07-415b-8e9a-45595fadb023","panthera","onca","talamanca [probably near sipurio, in valley of rio sixaola (see miller and kellogg 1955:765)]","costa rica","limon","","","-82.949536","9.534105","[""geolocate_georeference""]"
"e8fa35f0-1548-43dd-aaae-782c5072367a","panthera","onca","san jose, parana","argentina","entre rios","","","-60.366667","-31.766667","[""geolocate_georeference""]"
"aad3e470-8ce5-4b5b-90fd-3975f11aef0a","panthera","onca","jesus carranza, 20 km e of","mexico","veracruz","","1948-04-06","-94.8225","17.4316667","[""idigbio_georeference""]"
"67075ea4-91da-4cc8-86cc-d2a74b71a69a","panthera","onca","cerro pando, n slope of","panama","bocas del toro","","1966-05-12","-82.81667","9.03333","[""idigbio_georeference""]"
"56d19171-04a7-499e-a86b-32694102f810","panthera","onca","purificacion, 8 mi s of","mexico","jalisco","","1948-11-15","-104.60194000000001","19.6024782","[""idigbio_georeference""]"
"066c8aca-5971-49ca-b708-d6576d5394e5","panthera","onca","[no specific locality data]","guatemala","","","1930-01-01","-90.329102","15.722626","[""idigbio_georeference""]"
"1732f0b7-ec0c-4c94-a84a-1b37a501e4a0","panthera","onca","piedra, 2 mi s, 10 mi w of; sierra de tamaulipas","mexico","tamaulipas","","1953-07-27","-98.26461282182062","23.4556575756266","[""idigbio_georeference""]"
"3f5569b3-89a4-4f51-b49a-bb322ec52bbb","panthera","onca","serra da lua, near boa vista","brazil","roraima","","","-60.75","2.25","[""idigbio_georeference""]"
"e18468b7-6629-4882-8ed4-7145225eba60","panthera","onca","la libertad","guatemala","guatemala","","1922-06-26","-90.53419","14.609980000000002","[""idigbio_georeference""]"
"411163aa-0828-4a34-99ed-619a1efc061b","panthera","onca","encontrados, 39 km wnw, el rosario","venezuela","zulia","","","-72.7","9.18","[""idigbio_georeference""]"
"7938afba-795d-4dc9-ba41-7d15a9df2630","panthera","onca","masisea","peru","ucayali","coronel portillo","","-74.3166657","-8.6000004","[""idigbio_georeference""]"
"7ae45214-a9e6-4514-a98c-082fb363dfc3","panthera","onca","lake maracaibo","venezuela","","","1911-03-01","-71.5","9.66667","[""idigbio_georeference""]"
"eda1f027-f748-41a8-8b9b-d045ae15007e","panthera","onca","southwestern part of prov","brazil","mato grosso","","1936-07-28","-59.566229","-13.578757","[""geolocate_georeference""]"
"aa53919b-e224-4a4f-ad2f-9d00b8c1cbd8","panthera","onca","madrejon","paraguay","","","1978-09-11","-59.866667","-20.633333","[""geolocate_georeference""]"
"88b012f9-368d-42b0-aead-17b5f67084df","panthera","onca","southwestern part of prov","brazil","mato grosso","","1936-07-28","-57.924373","-15.200884","[""geolocate_georeference""]"
"f74e2104-f8d4-4e68-a1f8-5f3557a79bfa","panthera","onca","puerto pinasco, 170 km w rancho salada","paraguay","","","1920-09-24","-57.833333","-22.716667","[""geolocate_georeference""]"
"79afcd4a-45a6-405e-b575-3f160d76ed42","panthera","onca","rio tapajos, tauary","brazil","","","1932-02-10","-54.683333","-2.4","[""geolocate_georeference""]"
"d3a96c94-8a45-4c47-96fb-48172fac3887","panthera","onca","rupununi district","guyana","","","1960-06-29","-59.287917","3.89643","[""geolocate_georeference""]"
"7a1b1535-3e61-449c-894b-5a38257dd9eb","panthera","onca","rio guaimaral","colombia","cesar","valledupar district","","-73.616667","9.816667","[""geolocate_georeference""]"
"8dd564a7-389c-44a0-b9b9-d68a8688dfa0","panthera","onca","prinzapolka village, mouth of prinzapolka river","nicaragua","","","1923-06-29","-83.564521","13.407075","[""geolocate_georeference""]"
"80fbd7ea-e811-407d-ae56-f33be73772d1","panthera","onca","lake peten, about 25 mi w, near laguna","guatemala","peten","","","-89.844924","17.084096","[""geolocate_georeference""]"
"7edca0f3-7a50-443f-ac0a-816958d235d8","panthera","onca","sao paulo, region of","brazil","","","","-57.25","-4.25","[""geolocate_georeference""]"
"62f53982-0b70-41ae-b377-3535a55f777e","panthera","onca","juan de zalazar","paraguay","boquerón","","","-59.3","-23.1","[""geolocate_georeference""]"
"a7be6718-155a-422a-a464-9c061ce986b0","panthera","onca","tehuantepec","mexico","oaxaca","","","-95.238447","16.316454","[""geolocate_georeference""]"
"49fc7315-a4b4-42cb-b6c2-f55171fce5e3","panthera","onca","rio peluca","panama","","","1922-04-01","-79.558889","9.383611","[""geolocate_georeference""]"
"c6bcdc8f-7f58-4fb6-af37-516fdf77ac03","panthera","onca","colima, near","mexico","colima","","","-103.679401","19.207589","[""geolocate_georeference""]"
"fb0115ed-1cd3-480e-8cfd-48e578ff8888","panthera","onca","talamanca","costa rica","limon","","","-82.783333","9.6","[""geolocate_georeference""]"
"6ec7ebea-0bc8-43fa-a77f-7f456fc704f8","panthera","onca","","colombia","meta","villavicencio","","-72.9965591","3.4971402","[""idigbio_georeference""]"
"ed1d902e-4dc7-4264-882a-472e5ef58715","panthera","onca","[no specific locality data]","suriname","","","","-55.681396","4.208205","[""idigbio_georeference""]"
"e046830c-54c7-4b4f-83e6-d4d23a237390","panthera","onca","buena vista prop., gulf of fonseca","honduras","choluteca","","","-87.6667","13.1667","[""idigbio_georeference""]"
"04cdb0bd-51e9-448f-82d0-16d025522c08","panthera","onca","região de barro novo.","brasil","espírito santo","","1971-01-01","-40.065833","-19.393611","[""idigbio_georeference""]"
"380f298d-e33d-4573-9397-4bef7d85e42a","panthera","onca","caracas, sw, vicinity of montecal & suripa, near r apure","venezuela","distrito federal","","","-71.7083282","10.4916697","[""idigbio_georeference""]"
"6cf9b60f-a15b-4572-b552-68e2f9906520","panthera","onca","tocantin river valley","brazil","para","","","-48.745676","-5.272356","[""geolocate_georeference""]"
"3ac7211c-c956-4616-8efd-6a3653eec82b","panthera","onca","maripa","venezuela","bolivar","sucre","","-63.729187","10.026597","[""geolocate_georeference""]"
"ce035a61-70ef-4d6b-80f1-db1652bdea26","panthera","onca","libertad","guatemala","peten","","","-91.7","14.616667","[""geolocate_georeference""]"
"3de351ae-54ac-4b14-a677-df3c764a2326","panthera","onca","teniente ochoa","paraguay","boquerón","","","-61.033333","-21.7","[""geolocate_georeference""]"
"21f306a6-aa55-48ef-834b-52d2760cf7b7","panthera","onca","rio doce, n of","brazil","espirito santo","","","-39.907926","-19.418347","[""geolocate_georeference""]"
"43092bc2-aa6f-4731-9464-19fd2b11cfed","panthera","onca","libertad region","guatemala","peten","","","-90.256156","16.788955","[""geolocate_georeference""]"
"41d45389-56bc-46f7-b689-c67bb77dd5ee","panthera","onca","dadanawa ranch","guyana","upper takutu-upper essequibo","","","-59.516667","2.833333","[""geolocate_georeference""]"
"f00d001e-a870-4938-807f-50bbce15cac4","panthera","onca","caura valley","venezuela","","","","-64.727436","6.064746","[""geolocate_georeference""]"
"d22c655a-daf5-4fd6-8070-95969d74e246","panthera","onca","guaduas, near","colombia","","","","-72.600499","7.867946","[""geolocate_georeference""]"
"5398fa2f-20de-4d2e-a259-7601b361a1be","panthera","onca","pozo hzul","costa rica","","","","-84.898306","10.189283","[""geolocate_georeference""]"
"ab4cf5b5-361a-4688-8ddb-a92ac0d0ce36","panthera","onca","near bahia","brazil","","","","-52.033333","-26.816667","[""geolocate_georeference""]"
"1f833417-d9f4-42eb-a812-f3a92cb18257","panthera","onca","lower ucayali river","peru","ucayali","","","-73.5","-9","[""geolocate_georeference""]"
"dcc61009-55da-4ce1-a495-e0c2bab56dbb","panthera","onca","tarija valley","bolivia","tarija","","","-64","-21.5","[""geolocate_georeference""]"
"f3de2279-4937-4373-960c-b5aac84fc94c","panthera","onca","dadanada, dadanawa area","guyana","upper takutu-upper essequibo","","","-59.51666","2.83333","[""idigbio_georeference""]"
"560d8bb9-fa4f-4260-ac17-7769fdbae17c","panthera","onca","","brazil","goias state","","","-48.9667","-16.3333","[""idigbio_georeference""]"
"ea277920-2684-49c9-a721-52ccaf68b4c3","panthera","onca","parque ecológico municipal de americana","brazil","são paulo","","1990-05-30","-47.353333","-22.754167","[""idigbio_georeference""]"
"dd8c108f-a3e1-4984-9f16-8ae2df8cc594","panthera","onca","upper ucayali river","peru","loreto","","","-73.4","-4.466667","[""geolocate_georeference""]"
"b9b8a47c-ee5d-4c03-9987-e0c676988351","panthera","onca","southwestern part of prov","brazil","mato grosso","","","-57.310205","-17.232978","[""geolocate_georeference""]"
"5839d705-317f-4e64-a1e8-e15ee0f3beff","panthera","onca","dibulla","colombia","","","","-73.309107","11.272506","[""geolocate_georeference""]"
"0e910e76-7e96-47fb-bc61-9c35b82ecb5e","panthera","onca","amazon river","brazil","","","","-49","-0.166667","[""geolocate_georeference""]"
"cdd37305-8f64-450c-a558-ea653feb543f","panthera","onca","vera cruz, orizaba","mexico","","","","-97.107952","18.818329","[""geolocate_georeference""]"
"db695597-32f5-42a3-8c40-e38132025659","panthera","onca","rio grande do belmonte","brazil","minas gerais","","","-52.083333","-32.033333","[""geolocate_georeference""]"
"3f9c7242-24da-405f-9b46-284b5d3586f5","panthera","onca","nicaragua, buena ventura","nicaragua","","","1921-10-29","-85","13","[""geolocate_georeference""]"
"b2dbb597-3c8c-4f57-b7e8-9155cb7ced3f","panthera","onca","rio de janeiro","brazil","","","","-45.173939","-11.84252","[""geolocate_georeference""]"
"198c4741-8557-4aec-b5ef-c58ca6e058ea","panthera","onca","pearl lagoon","nicaragua","","","1909-03-24","-83.677393","12.342872","[""geolocate_georeference""]"
"9f7de76a-9552-444d-bf31-e3e77202c733","panthera","onca","brasil","brazil","","","","-55","-10","[""geolocate_georeference""]"
"18586325-188f-421a-b4e5-c27e013bb23d","panthera","onca","camino lacanja-chansayab-bonampak, selva lacandona, chiapas, mexico","mexico","chiapas","ocosingo","1984-08-23","-91.0652778","16.7088889","[""idigbio_georeference""]"
"2269b1b7-cf3a-4a46-ba4e-5400daccb2c2","panthera","onca","selva alta pasando pastizal. direccion: suroeste. distancia: 2","mexico","oaxaca","santa maria chimalapa","1995-08-30","-94.6698889","17.0405556","[""idigbio_georeference""]"
"7941d97d-142e-463c-913a-01c746655ac3","panthera","onca","lacanja-chansayab, laguna cedro, selva lacandona","mexico","chiapas","ocosingo","1984-07-28","-91.1388889","16.7861111","[""idigbio_georeference""]"
"2abf37c1-17c2-4aac-90d5-eb51a2670c0f","panthera","onca","cercanías de la caseta de san javier (al n de lacanjá - chansayab)","mexico","chiapas","ocosingo","1993-11-01","-91.1059722","16.7916667","[""idigbio_georeference""]"
"e56b06cb-455b-4771-88da-17ceecdee5e6","panthera","onca","chalchijapa, selva alta, pasando el pastizal","mexico","oaxaca","santa maria chimalapa","1995-08-30","-94.6697222","17.0405556","[""idigbio_georeference""]"
"876236c1-c61f-4be1-9522-bde962905357","panthera","onca","guasimas 9 km w el tuito","mexico","jalisco","cabo corrientes","1976-10-25","-105.4122222","20.3308333","[""idigbio_georeference""]"
"fa227c1b-9c68-4347-b88e-83551a094b2e","panthera","onca","rancho el bosque, 27 km nw purísima de arista","mexico","queretaro de arteaga","arroyo seco","1983-12-26","-99.7036111","21.4830555","[""idigbio_georeference""]"
"9b9d0359-2a31-441c-adcd-4b959e914ce0","panthera","onca","ruinas de kohunlich, aguada","mexico","quintana roo","othon p. blanco","1984-06-26","-88.7797222","18.4258333","[""idigbio_georeference""]"
"1c556901-320a-46b0-afae-e5c58d3b4fc6","panthera","onca","ejido caoba, san josé de la montaña","mexico","quintana roo","othon p. blanco","1998-11-26","-88.6088888","19.8077777","[""idigbio_georeference""]"
"df3a2e65-bb79-4595-8742-706d5c960a4c","panthera","onca","10 leagues n comitan,tepancuapan,finca san francisco","mexico","chiapas","","1940-06-28","-92.13416670000001","16.7572222","[""idigbio_georeference""]"
"9ad377d9-311e-461e-b408-100f67ca8818","panthera","onca","omgeving berg en dal, weg naar affobakka","suriname","","","","-55.066667","5.15","[""geolocate_georeference""]"
"f6886e70-3efb-4e85-b1d8-2a6ce6f24959","panthera","onca","rio siquia (near rio mico)","nicaragua","","","1935-09-28","-84.28667","12.20806","[""idigbio_georeference""]"
"a407a06d-d76d-44fd-bf39-6a59909ab35e","panthera","onca","ca. 3 mi. s of la republica, 3800 ft., 28°11' n, 108°46' w","mexico","chihuahua","","1957-06-30","-108.766667","28.156435","[""idigbio_georeference""]"
"d0fe29ba-f794-49dc-9cb4-738083cabe9b","panthera","onca","20 mi e of dadanawa","guyana","upper takutu-upper essequibo","","1961-10-30","-59.22717","2.83333","[""idigbio_georeference""]"
"e38232b8-2584-438c-9f97-6c90ce5151dc","panthera","onca","kumpin entsa, headwaters rio huampami n of huampami (aguaruna village), rio cenepa drainage","peru","amazonas","","","-78.11502","-4.44167","[""idigbio_georeference""]"
"9ed3730b-17bd-4dfb-be37-382b9834657c","panthera","onca","","bolivia","santa cruz","","1922-05-22","-61.50000000000001","-17.5","[""idigbio_georeference""]"
"f0fa9c3f-98ac-446e-bcc6-ade24aed193a","panthera","onca","cosnipata","peru","cuzco","paucartambo","1961-11-06","-71.1833344","-13.0666657","[""idigbio_georeference""]"
"966a75dc-245b-4d4b-8b1b-dda25c6e4ed2","panthera","onca","small stream near san carlos, rio negro","venezuela","amazonas","","","-67.06667","1.91667","[""idigbio_georeference""]"
"ad4f82df-f2c2-4f41-b5e6-f8cb47721eba","panthera","onca","rio xingu, north eastern brazil","brazil","pará","","1970-06-28","-52.70733","-5.4965","[""idigbio_georeference""]"
"2a5bff2c-3d89-4d64-a6bf-9b1cd0259157","panthera","onca","rio consaya","colombia","putumayo","san antonio","1952-03-22","-75.0966339","0.530457","[""idigbio_georeference""]"
"cce43302-efda-4959-a0a3-ac517aa56184","panthera","onca","rio bua","ecuador","esmeraldas","","1966-04-07","-79.56108","0.04977","[""idigbio_georeference""]"
"529068d3-fcd0-4ebc-9ec5-9da1abefc411","panthera","onca","yo creek","belize","orange walk district","","1958-02-27","-89.63333","18.08333","[""idigbio_georeference""]"
"181f2c42-3fb3-4e9c-90c1-4f4a64b2c519","panthera","onca","10 mi. sw stann creek","belize","","","1970-02-27","-88.32351","16.86384","[""idigbio_georeference""]"
"c2b45efd-5b71-4a15-bcc5-443c82144f0d","panthera","onca","bonanza, 7 mi ne of","nicaragua","zelaya","","1963-07-01","-84.54696","14.09794","[""idigbio_georeference""]"
"33e620cf-951a-4e59-bb32-4518e24a4fda","panthera","onca","maracaibo market","venezuela","zulia","","1911-03-23","-71.6166687","10.666667","[""idigbio_georeference""]"
"b8387809-5254-419e-b702-931560a2fb78","panthera","onca","vicinity of puyo","ecuador","pastaza","","","-77.9833","-1.4667","[""idigbio_georeference""]"
"1836983f-f02e-4cae-9b66-692f9cf7ea62","panthera","onca","belen, rio cunucunuma","venezuela","amazonas","","1967-02-06","-65.77","3.65","[""idigbio_georeference""]"
"d6edab82-1d46-436f-b75d-f864078e3dce","panthera","onca","la virgen, 5 mi s of","nicaragua","rivas","","1956-01-15","-85.76667","11.29392","[""idigbio_georeference""]"
"05609320-59e4-40e7-948d-ad3b9db2705e","panthera","onca","30 mi s of dadanawa","guyana","upper takutu-upper essequibo","","","-59.51666","2.39671","[""idigbio_georeference""]"
"7b6785ea-53bc-4ff1-9e92-292e7c0d9b4f","panthera","onca","110 mi. s belize","belize","","","1972-03-28","-88.18333","15.88379","[""idigbio_georeference""]"
"78b45511-27e6-4ed4-ad81-c7fa6d6380e5","panthera","onca","rio tocantins, para market","brazil","para","","1923-05-11","-48.4833298","-1.45","[""idigbio_georeference""]"
"fe92a216-de63-4499-91b0-2981bae7bac7","panthera","onca","jesus carranza, 20 km ene of","mexico","veracruz","","1949-05-16","-94.8380556","17.5011111","[""idigbio_georeference""]"
"879a5800-75db-4c24-a1f5-01cc43b0b3fe","panthera","onca","rosario, 35 km ne of","mexico","sinaloa","","1962-06-29","-105.63338871270659","23.21439795976069","[""idigbio_georeference""]"
"f2219dce-9483-4760-aea6-bb4cbde31e15","panthera","onca","chetumal, 71 km w of","mexico","quintana roo","","1963-03-11","-89.0222222","18.5036111","[""idigbio_georeference""]"
"3d325d77-cd72-4d7a-b60a-d7472828bbc7","panthera","onca","","panama","chiriquí","","","-82.25","8.5","[""idigbio_georeference""]"
"0c45df6e-8598-4b61-be27-da32cbb692f2","panthera","onca","bolivar, 56 mi se el manteco","venezuela","bolivar","","","-62.25","7","[""idigbio_georeference""]"
"f5777300-0fd0-4162-ba44-f22400221ed1","panthera","onca","ruawau river, rau wau","guyana","upper takutu-upper essequibo","","","-59.93333","2.58333","[""idigbio_georeference""]"
"dcc4ddec-e62f-45aa-9ab2-b389579a0b15","panthera","onca","georgetown","guyana","","","","-58.1666679","6.8000002","[""idigbio_georeference""]"
"5a888e6e-f760-41be-b757-c48d066a407c","panthera","onca","fazenda barro vermelho.","brasil","espírito santo","","1975-06-11","-40.071389","-19.390833","[""idigbio_georeference""]"
"69dbcc7c-e22c-4cf6-a855-da0c115e4d90","panthera","onca","iquitos, vicinity of","peru","loreto","","1954-07-01","-73.25","-3.7333","[""idigbio_georeference""]"
"346c1dd0-3a59-489f-a630-916dee8b8be9","panthera","onca","17 km ssw pijijiapan.","mexico","chiapas","pijijiapan","1986-06-10","-93.269445","15.542088","[""geolocate_georeference""]"
"2261c39f-d9cb-466c-8eb8-436f1fa3f426","panthera","onca","madeira river, auara igarape","brazil","amazonas","borba","1930-03-15","-59.610224","-4.294684","[""geolocate_georeference""]"
"aaf47f52-b474-4423-8772-8ed7fd881edf","panthera","onca","mamore river, near cascajal","bolivia","beni","mamore","1965-05-19","-65.216667","-12.216667","[""geolocate_georeference""]"
"df4109fd-aa9b-458d-8bd3-0af6b839899e","panthera","onca","ca. 15 kilometers above la horquilla, machupo river","bolivia","beni","mamore","1964-09-04","-64.416667","-12.431158","[""geolocate_georeference""]"
"aeff5ffa-9198-470a-b72e-4c06f94a1c5d","panthera","onca","san marcos region, 20 kilometers","colombia","sucre","san marcos","1949-04-01","-75.166667","8.583333","[""geolocate_georeference""]"
"16b26cb3-64d0-46f1-afbf-b0df64e485ea","panthera","onca","3 miles north of gomez farias","mexico","tamaulipas","gomez farias","1950-01-01","-99.025504","22.92989","[""geolocate_georeference""]"
"59183b70-5a88-43aa-a58a-fbf5410af5fb","panthera","onca","chichen itza","mexico","yucatán","","1935-06-26","-88.575218","20.681255","[""geolocate_georeference""]"
"5928fa68-db6a-40cf-af17-b7f053b31712","panthera","onca","cibecue, near","united states","arizona","navajo county","1924-04-12","-110.485391","34.044769","[""geolocate_georeference""]"
"a52cb830-92b2-4ec2-9961-b1ce90e3c95e","panthera","onca","napo river","peru","loreto","","1927-10-17","-72.653611","-3.459167","[""geolocate_georeference""]"
"5257a6cb-dcbe-45ac-b7b8-d8bc3c2d1907","panthera","onca","cenepa river mouth","peru","amazonas","","1929-12-20","-78.150781","-4.638748","[""geolocate_georeference""]"
"b783426c-3189-45d0-ae21-e1e1a8e7d52c","panthera","onca","yohaltun","mexico","campeche","","1901-01-05","-90.310686","19.06747","[""geolocate_georeference""]"
"0114c4f0-2b57-4ba9-b157-55e758e5741d","panthera","onca","western foothills of the sierra madre mountains [verbatim elevation:4000]","mexico","sonora","","1909-01-01","-105","25","[""geolocate_georeference""]"
"63d63a10-8a8a-4396-bb91-7ae239ab24f2","panthera","onca","fort apache indian reservation","united states","arizona","","1964-06-29","-109.98871","33.790607","[""geolocate_georeference""]"
"01f4d03a-26dd-4671-bfc3-8963ab94ceb8","panthera","onca","bull run ranch, near augustine, mount pine ridge","belize","","","1982-03-17","-88.983333","16.966667","[""geolocate_georeference""]"
"517764f1-ce32-4220-8b08-95be4efef767","panthera","onca","san juan de los reyes","mexico","veracruz","","1939-03-10","-95.45","18.516667","[""geolocate_georeference""]"
"81417b49-1e89-4943-8778-fce5db063452","panthera","onca","papago","mexico","guerrero","","1903-04-19","-112.866267","31.873045","[""geolocate_georeference""]"
"5bac588f-5529-454b-92f8-888ee30e612f","panthera","onca","chichen itza","mexico","yucatan","","","-88.577168","20.678622","[""geolocate_georeference""]"
"e39cab27-391d-4372-8d97-ea761163e30f","panthera","onca","sinaloa, sierra madre mountains","mexico","","","1937-07-01","-108.004662","25.117393","[""geolocate_georeference""]"
"36ef09fd-d52c-4e2b-bfba-474bd7f47a6e","panthera","onca","nogales, 20 mi w","united states","arizona","","1926-11-30","-111.274141","31.33993","[""geolocate_georeference""]"
"bd8e80c0-78fe-4015-af61-504e50611831","panthera","onca","beni river","bolivia","","","1922-06-29","-65.41339","-10.375566","[""geolocate_georeference""]"
"e95d9e0a-2dfe-48d8-80ee-edd668e5c667","panthera","onca","mayapan","mexico","yucatan","","1700-01-01","-89.459577","20.630253","[""geolocate_georeference""]"
"14d3949f-8949-4dcf-ab9c-c810f9ea28e1","panthera","onca","southwestern part of prov","brazil","mato grosso","","1936-07-28","-57.492897","-15.296543","[""geolocate_georeference""]"
"9a99772d-e3bd-4ad6-92dd-cbdb86e9ab13","panthera","onca","coto","costa rica","","","1912-06-29","-83.037043","8.539282","[""geolocate_georeference""]"
"96e6264a-6e4c-42c3-a065-ee6e9157be0d","panthera","onca","southwestern part of prov","brazil","mato grosso","","1936-07-28","-58.904645","-12.361138","[""geolocate_georeference""]"
"ae39ee62-14dd-4ea4-b927-57b70bbb95b4","panthera","onca","bluefields, very near","nicaragua","","","1923-06-29","-83.75","12","[""geolocate_georeference""]"
"0838751a-0370-45a3-be6e-90faa6181fc7","panthera","onca","libertad region","guatemala","peten","","","-90.035743","16.754111","[""geolocate_georeference""]"
"f29ed80f-4317-4a08-8162-d7e3c0e67e26","panthera","onca","upper doce rio","brazil","minas gerais","","","-42.513081","-19.523251","[""geolocate_georeference""]"
"f6877492-b399-4983-aa51-8103453dcc61","panthera","onca","acapulco, kasaan bay, near","mexico","guerrero","","","-99.901496","16.856933","[""geolocate_georeference""]"
"1b1927d4-0ca0-4d67-9bc2-d47adb1417a3","panthera","onca","rio doce","brazil","minas gerais","","","-42.9","-20.25","[""geolocate_georeference""]"
"f09f6409-8b73-400e-8c0b-43ee8b4a7ba6","panthera","onca","libertad region","guatemala","peten","","","-90.1202","16.942062","[""geolocate_georeference""]"
"0459868d-bec1-43b5-9a40-28e74b3695f3","panthera","onca","km 544 trans-chaco","paraguay","boquerón","","","-60","-23","[""geolocate_georeference""]"
"fe6c2423-7b73-4729-87cd-2c7a028933be","panthera","onca","8 km s. of km 586; copagro","paraguay","boquerón","","","-61.1","-21.638875","[""geolocate_georeference""]"
"6f2c3bba-0ef5-406b-a987-adbc2c4f15a4","panthera","onca","southwestern part of prov","brazil","mato grosso","","","-57.653957","-16.916439","[""geolocate_georeference""]"
"a6862556-1baf-4de0-87b0-89dc13320b99","panthera","onca","san luis de caceres, 100 mi s","brazil","","","","-57.683333","-16.066667","[""geolocate_georeference""]"
"ff0bd6e8-0914-4646-8b89-94e9d3860483","panthera","onca","reserva de sooretama.","brasil","espírito santo","","2000-08-31","-40.121056","-19.009329","[""geolocate_georeference""]"
"e6cc9cff-9282-46ff-a9f4-a2a407d733f8","panthera","onca","e. of sacupana","venezuela","","","","-61.651667","8.5725","[""geolocate_georeference""]"
"ed1a569b-dc24-410a-83d7-4065ec98be6a","panthera","onca","cacao","guyane française","","","","-53.233333","2.383333","[""geolocate_georeference""]"
"d601ab1a-ddf4-4388-aa1d-229e8e136564","panthera","onca","trois-sauts, sur l'oyapock","guyane française","","","","-51.666667","4.133333","[""geolocate_georeference""]"
